Country,Continental Region,Statistical Region,Population,2020-01-21,2020-01-22,2020-01-23,2020-01-24,2020-01-25,2020-01-26,2020-01-27,2020-01-28,2020-01-29,2020-01-30,2020-01-31,2020-02-01,2020-02-02,2020-02-03,2020-02-04,2020-02-05,2020-02-06,2020-02-07,2020-02-08,2020-02-09,2020-02-10,2020-02-11,2020-02-12,2020-02-13,2020-02-14,2020-02-15,2020-02-16,2020-02-17,2020-02-18,2020-02-19,2020-02-20,2020-02-21,2020-02-22,2020-02-23,2020-02-24,2020-02-25,2020-02-26,2020-02-27,2020-02-28,2020-02-29,2020-03-01,2020-03-02,2020-03-03,2020-03-04,2020-03-05,2020-03-06,2020-03-07,2020-03-08,2020-03-09,2020-03-10,2020-03-11,2020-03-12,2020-03-13,2020-03-14,2020-03-15,2020-03-16,2020-03-17,2020-03-18,2020-03-19,2020-03-20,2020-03-21,2020-03-22,2020-03-23,2020-03-24,2020-03-25,2020-03-26,2020-03-27,2020-03-28,2020-03-29,2020-03-30,2020-03-31,2020-04-01,2020-04-02,2020-04-03
Afghanistan,Asia,Southern Asia,38041754,,,,,,,,,,,,,,,,,,,,,,,,,,,,,,,,,,,,1,1,1,1,1,1,1,1,1,1,1,1,4,4,4,4,7,7,7,10,16,21,22,22,22,24,24,40,42,74,80,80,106,114,114,166,192,235,269
Albania,Europe,Southern Europe,2880917,,,,,,,,,,,,,,,,,,,,,,,,,,,,,,,,,,,,,,,,,,,,,,,,,2,2,10,10,23,33,38,42,51,55,59,70,70,76,89,123,146,174,186,197,212,223,223,243,277,277
Algeria,Africa,Northern Africa,43053054,,,,,,,,,,,,,,,,,,,,,,,,,,,,,,,,,,,,,1,1,1,1,1,1,5,5,12,12,17,17,20,20,20,25,25,26,37,49,60,60,72,82,94,94,201,231,264,264,305,367,409,454,511,584,847,986
American Samoa,Oceania,Polynesia,55312,,,,,,,,,,,,,,,,,,,,,,,,,,,,,,,,,,,,,,,,,,,,,,,,,,,,,,,,,,,,,,,,,,,,,,,,,,
Andorra,Europe,Southern Europe,77142,,,,,,,,,,,,,,,,,,,,,,,,,,,,,,,,,,,,,,,,,,,1,1,1,1,1,1,1,1,1,1,1,2,2,2,14,16,39,75,75,88,113,164,188,213,231,289,321,341,370,376,396,429
Angola,Africa,Middle Africa,31825295,,,,,,,,,,,,,,,,,,,,,,,,,,,,,,,,,,,,,,,,,,,,,,,,,,,,,,,,,,,,,,2,2,2,2,2,2,2,2,2,2,7,8,8
Anguilla,Americas,Caribbean,14869,,,,,,,,,,,,,,,,,,,,,,,,,,,,,,,,,,,,,,,,,,,,,,,,,,,,,,,,,,,,,,,,,,,2,2,2,2,2,2,2,2
Antigua and Barbuda,Americas,Caribbean,97118,,,,,,,,,,,,,,,,,,,,,,,,,,,,,,,,,,,,,,,,,,,,,,,,,,,,,,1,1,1,1,1,1,1,1,1,1,1,3,3,3,7,7,7,7,7,7,7
Argentina,Americas,South America,44780677,,,,,,,,,,,,,,,,,,,,,,,,,,,,,,,,,,,,,,,,,,,,1,1,1,2,9,12,12,17,19,31,34,45,56,65,65,79,97,128,158,225,266,301,387,502,589,690,745,820,966,1054,1133
Armenia,Asia,Western Asia,2957731,,,,,,,,,,,,,,,,,,,,,,,,,,,,,,,,,,,,,,,,,,1,1,1,1,1,1,1,1,1,1,1,1,8,8,26,52,52,84,122,136,160,190,235,265,290,329,372,424,482,482,532,571,640
Aruba,Americas,Caribbean,106314,,,,,,,,,,,,,,,,,,,,,,,,,,,,,,,,,,,,,,,,,,,,,,,,,,,,,,,,,2,2,4,5,5,5,8,9,12,19,19,28,46,46,50,55,55,60
Australia,Oceania,Australia and New Zealand,25203198,,,,,3,4,4,5,7,7,9,12,12,12,12,13,14,15,15,15,15,15,15,15,15,15,15,15,15,15,15,17,21,22,22,22,23,23,23,24,25,27,33,43,57,57,62,74,77,92,112,122,140,197,249,298,375,414,510,709,873,1081,1396,1709,2252,2799,2985,3635,3966,3966,4359,4707,4976,5224
Austria,Europe,Western Europe,8955102,,,,,,,,,,,,,,,,,,,,,,,,,,,,,,,,,,,,,2,2,4,5,10,10,18,24,37,47,66,104,112,131,182,302,361,504,800,959,1132,1332,1646,1843,2649,3024,3631,4486,5282,5888,7029,7697,8291,8813,9618,10182,10711,11129
Azerbaijan,Asia,Western Asia,10047718,,,,,,,,,,,,,,,,,,,,,,,,,,,,,,,,,,,,,,,,,3,3,3,3,3,3,9,9,9,9,9,9,11,11,19,19,19,21,34,34,44,53,65,72,87,93,122,147,164,190,273,298,359,400
Bahamas,Americas,Caribbean,389482,,,,,,,,,,,,,,,,,,,,,,,,,,,,,,,,,,,,,,,,,,,,,,,,,,,,,,,,,1,1,3,3,4,4,4,4,4,5,5,9,10,10,14,14,15,21
Bahrain,Asia,Western Asia,1641172,,,,,,,,,,,,,,,,,,,,,,,,,,,,,,,,,,,,8,26,33,33,38,40,47,49,49,49,49,49,56,79,109,110,189,195,210,211,221,229,237,256,269,285,306,337,377,392,419,458,473,476,515,515,567,569,643
Bangladesh,Asia,Southern Asia,163046161,,,,,,,,,,,,,,,,,,,,,,,,,,,,,,,,,,,,,,,,,,,,,,,,,3,3,3,3,3,3,3,5,8,8,10,17,17,24,27,33,39,39,48,48,48,49,49,54,54,56
Barbados,Americas,Caribbean,287025,,,,,,,,,,,,,,,,,,,,,,,,,,,,,,,,,,,,,,,,,,,,,,,,,,,,,,,,,,,2,2,5,5,5,17,18,18,18,24,24,26,33,33,33,45
Belarus,Europe,Eastern Europe,9452411,,,,,,,,,,,,,,,,,,,,,,,,,,,,,,,,,,,,,,,1,1,1,1,1,1,6,6,6,6,6,6,9,12,12,21,21,36,36,36,46,46,57,76,76,81,81,86,86,94,94,94,152,152,192,254
Belgium,Europe,Western Europe,11539328,,,,,,,,,,,,,,,,1,1,1,1,1,1,1,1,1,1,1,1,1,1,1,1,1,1,1,1,1,1,1,1,1,1,1,8,8,23,50,109,169,200,239,267,314,314,599,689,1085,1085,1486,1486,1795,2257,2815,3401,3743,4269,4937,6235,7284,9134,10836,11899,12775,13964,15348
Belize,Americas,Central America,390353,,,,,,,,,,,,,,,,,,,,,,,,,,,,,,,,,,,,,,,,,,,,,,,,,,,,,,,,,,,,,,,,1,1,2,2,2,2,2,3,3,3,3
Benin,Africa,Western Africa,11801151,,,,,,,,,,,,,,,,,,,,,,,,,,,,,,,,,,,,,,,,,,,,,,,,,,,,,,,,,1,1,1,2,2,2,2,5,5,5,6,6,6,6,6,9,13,13
Bermuda,Americas,Northern America,62506,,,,,,,,,,,,,,,,,,,,,,,,,,,,,,,,,,,,,,,,,,,,,,,,,,,,,,,,,,,,2,2,2,2,6,6,7,7,15,17,22,22,27,32,32
Bhutan,Asia,Southern Asia,763092,,,,,,,,,,,,,,,,,,,,,,,,,,,,,,,,,,,,,,,,,,,,,,1,1,1,1,1,1,1,1,1,1,1,1,1,1,2,2,2,2,2,2,2,3,3,3,4,4,4,4,5
Bolivia,Americas,South America,11513100,,,,,,,,,,,,,,,,,,,,,,,,,,,,,,,,,,,,,,,,,,,,,,,,,,,2,2,3,3,3,11,11,11,12,15,16,19,24,27,28,39,39,61,74,74,97,107,115,123
Bosnia and Herzegovina,Europe,Southern Europe,3301000,,,,,,,,,,,,,,,,,,,,,,,,,,,,,,,,,,,,,,,,,,,,,2,2,2,2,2,2,4,4,4,11,18,18,19,19,36,44,44,92,125,131,164,173,213,233,269,325,359,413,464,521
Botswana,Africa,Southern Africa,2303697,,,,,,,,,,,,,,,,,,,,,,,,,,,,,,,,,,,,,,,,,,,,,,,,,,,,,,,,,,,,,,,,,,,,,,,,3,3,4
Brazil,Americas,South America,211049527,,,,,,,,,,,,,,,,,,,,,,,,,,,,,,,,,,,,,,1,1,1,2,2,2,2,3,7,13,19,25,25,34,52,77,98,121,200,234,234,291,428,621,904,904,1546,2201,2433,2433,2915,3417,3904,4256,4579,5717,6836
British Virgin Islands,Americas,Caribbean,30030,,,,,,,,,,,,,,,,,,,,,,,,,,,,,,,,,,,,,,,,,,,,,,,,,,,,,,,,,,,,,,,,,,,2,2,2,2,2,3,3,3
Brunei Darussalam,Asia,South-eastern Asia,433285,,,,,,,,,,,,,,,,,,,,,,,,,,,,,,,,,,,,,,,,,,,,,,,,,,1,1,12,12,25,40,50,50,54,56,73,78,83,88,91,104,109,114,115,120,126,127,129,131,133
Bulgaria,Europe,Eastern Europe,7000119,,,,,,,,,,,,,,,,,,,,,,,,,,,,,,,,,,,,,,,,,,,,,,,,2,4,4,10,7,7,7,43,51,67,81,92,94,127,163,185,201,220,242,264,293,331,346,359,399,422,457
Burkina Faso,Africa,Western Africa,20321378,,,,,,,,,,,,,,,,,,,,,,,,,,,,,,,,,,,,,,,,,,,,,,,,,,,2,2,2,2,3,3,15,20,26,40,40,72,75,99,114,146,146,146,146,222,246,261,261,261
Burundi,Africa,Eastern Africa,10864245,,,,,,,,,,,,,,,,,,,,,,,,,,,,,,,,,,,,,,,,,,,,,,,,,,,,,,,,,,,,,,,,,,,,,,,,2,2,2
Cabo Verde,Africa,Western Africa,549935,,,,,,,,,,,,,,,,,,,,,,,,,,,,,,,,,,,,,,,,,,,,,,,,,,,,,,,,,,,,,1,3,3,3,3,3,3,5,5,5,5,5,5,5
Cambodia,Asia,South-eastern Asia,16486542,,,,,,,,1,1,1,1,1,1,1,1,1,1,1,1,1,1,1,1,1,1,1,1,1,1,1,1,1,1,1,1,1,1,1,1,1,1,1,1,1,1,1,1,2,2,2,3,3,5,7,7,12,24,24,35,47,51,53,84,87,91,96,98,104,102,103,107,109,109,110
Cameroon,Africa,Middle Africa,25876380,,,,,,,,,,,,,,,,,,,,,,,,,,,,,,,,,,,,,,,,,,,,,,1,2,2,2,2,2,2,2,2,3,3,5,5,10,15,22,27,40,72,72,70,75,75,91,113,139,139,139,246
Canada,Americas,Northern America,37411047,,,,,,,1,2,3,3,3,4,4,4,4,5,5,7,7,7,7,7,7,7,7,7,7,7,8,8,8,8,8,9,9,10,10,11,11,14,19,19,27,30,30,45,51,57,62,77,93,93,138,176,244,304,424,424,569,736,846,1048,1384,1432,1739,3409,3555,4018,4757,5655,6317,7695,9005,10114
Caribbean Netherlands,Americas,Caribbean,25979,,,,,,,,,,,,,,,,,,,,,,,,,,,,,,,,,,,,,,,,,,,,,,,,,,,,,,,,,,,,,,,,,,,,,,,,,,
Cayman Islands,Americas,Caribbean,64948,,,,,,,,,,,,,,,,,,,,,,,,,,,,,,,,,,,,,,,,,,,,,,,,,,,,,,1,1,1,1,1,1,3,3,3,3,5,5,8,8,8,8,8,12,12,14,22
Central African Republic,Africa,Middle Africa,4745185,,,,,,,,,,,,,,,,,,,,,,,,,,,,,,,,,,,,,,,,,,,,,,,,,,,,,,,1,1,1,1,1,1,1,3,4,4,4,5,5,6,6,6,6,6,8,8
Chad,Africa,Middle Africa,15946876,,,,,,,,,,,,,,,,,,,,,,,,,,,,,,,,,,,,,,,,,,,,,,,,,,,,,,,,,,,,1,1,1,1,3,3,3,5,5,5,5,5,7,7,7
Chile,Americas,South America,18952038,,,,,,,,,,,,,,,,,,,,,,,,,,,,,,,,,,,,,,,,,,,,1,1,1,5,5,10,13,17,23,33,43,61,75,156,156,238,342,434,434,632,746,922,1142,1306,1610,1909,1909,2449,2738,3031,3404
China,Asia,Eastern Asia,1433783686,278,310,574,835,1297,1985,2761,4537,5997,7736,9720,11821,14411,17238,20471,24363,28060,31211,34598,37251,40235,42708,44730,46550,48548,50054,51174,70635,72528,74280,74675,75569,76392,77042,77262,77780,78191,78630,78961,79394,79968,80174,80304,80422,80565,80711,80813,80859,80904,80924,80955,80981,80991,81021,81048,81077,81116,81116,81174,81300,81416,81498,81601,81747,81848,81961,82078,82230,82356,82447,82545,82631,82724,82802
Colombia,Americas,South America,50339443,,,,,,,,,,,,,,,,,,,,,,,,,,,,,,,,,,,,,,,,,,,,,,,1,1,1,3,3,9,9,16,24,24,45,45,93,108,145,196,196,277,306,470,470,491,539,608,702,798,906,1065
Comoros,Africa,Eastern Africa,850886,,,,,,,,,,,,,,,,,,,,,,,,,,,,,,,,,,,,,,,,,,,,,,,,,,,,,,,,,,,,,,,,,,,,,,,,,,
Cook Islands,Oceania,Polynesia,17548,,,,,,,,,,,,,,,,,,,,,,,,,,,,,,,,,,,,,,,,,,,,,,,,,,,,,,,,,,,,,,,,,,,,,,,,,,
Costa Rica,Americas,Central America,5047561,,,,,,,,,,,,,,,,,,,,,,,,,,,,,,,,,,,,,,,,,,,,,,,,5,9,9,13,13,22,23,23,23,41,41,50,87,113,113,117,158,177,201,201,231,263,295,314,314,347,375
Côte d'Ivoire,Africa,Western Africa,25716544,,,,,,,,,,,,,,,,,,,,,,,,,,,,,,,,,,,,,,,,,,,,,,,,,,,,1,1,1,3,3,6,6,9,9,9,9,25,25,72,80,80,92,140,165,169,169,190,190
Croatia,Europe,Southern Europe,4130304,,,,,,,,,,,,,,,,,,,,,,,,,,,,,,,,,,,,,2,3,3,5,7,7,9,9,9,10,11,11,11,12,16,16,16,27,37,49,56,65,81,81,126,206,235,306,382,418,495,586,657,713,790,867,963,1011
Cuba,Americas,Caribbean,11333483,,,,,,,,,,,,,,,,,,,,,,,,,,,,,,,,,,,,,,,,,,,,,,,,,,,,,3,4,4,4,5,5,10,11,16,16,16,40,48,57,67,80,119,119,170,186,212,233
Curaçao,Americas,Caribbean,163424,,,,,,,,,,,,,,,,,,,,,,,,,,,,,,,,,,,,,,,,,,,,,,,,,,,,,,,2,2,3,3,3,3,3,3,3,4,6,6,7,7,7,7,11,11,11,11
Cyprus,Asia,Western Asia,1179551,,,,,,,,,,,,,,,,,,,,,,,,,,,,,,,,,,,,,,,,,,,,,,,,,,2,2,6,6,14,21,33,33,33,58,58,67,84,95,116,124,132,146,162,179,214,230,262,320,356
Czechia,Europe,Eastern Europe,10689209,,,,,,,,,,,,,,,,,,,,,,,,,,,,,,,,,,,,,,,,,,3,3,5,5,12,12,26,32,38,61,94,116,150,214,298,383,434,522,694,904,995,1165,1236,1394,1654,2062,2279,2663,2829,3002,3308,3589,3858
Denmark,Europe,Northern Europe,5771876,,,,,,,,,,,,,,,,,,,,,,,,,,,,,,,,,,,,,,1,1,2,3,4,5,8,10,18,23,31,36,90,262,615,674,801,827,898,960,977,1044,1132,1255,1326,1395,1460,1591,1724,1877,2046,2201,2395,2577,2860,3107,3386
Djibouti,Africa,Eastern Africa,973560,,,,,,,,,,,,,,,,,,,,,,,,,,,,,,,,,,,,,,,,,,,,,,,,,,,,,,,,,,,1,1,1,1,1,3,3,12,12,13,15,19,26,31,34,41
Dominica,Americas,Caribbean,71808,,,,,,,,,,,,,,,,,,,,,,,,,,,,,,,,,,,,,,,,,,,,,,,,,,,,,,,,,,,,,,,,1,2,7,11,11,11,11,11,11,11,11
Dominican Republic,Americas,Caribbean,10738958,,,,,,,,,,,,,,,,,,,,,,,,,,,,,,,,,,,,,,,,,,1,1,1,1,1,1,1,1,5,5,5,5,5,5,5,21,21,21,34,72,72,72,245,312,392,488,581,581,581,901,1109,1284,1380
Democratic Republic of the Congo,Africa,Middle Africa,86790567,,,,,,,,,,,,,,,,,,,,,,,,,,,,,,,,,,,,,,,,,,,,,,,,,,,1,1,1,2,2,2,3,3,7,14,14,23,30,36,45,51,54,58,68,81,98,109,123,134
Timor-Leste,Asia,South-eastern Asia,1293119,,,,,,,,,,,,,,,,,,,,,,,,,,,,,,,,,,,,,,,,,,,,,,,,,,,,,,,,,,,,,1,1,1,1,1,1,1,1,1,1,1,1,1,1
Ecuador,Americas,South America,17373662,,,,,,,,,,,,,,,,,,,,,,,,,,,,,,,,,,,,,,,,,1,1,6,7,7,13,14,14,15,15,15,17,17,23,23,37,58,58,155,199,367,506,532,790,1049,1211,1211,1595,1823,1835,1962,2240,2372,3163
Egypt,Africa,Northern Africa,100388073,,,,,,,,,,,,,,,,,,,,,,,,,,1,1,1,1,1,1,1,1,1,1,1,1,1,1,1,1,2,2,2,2,3,3,48,55,59,59,67,67,93,93,126,166,166,196,210,256,285,327,366,402,456,495,536,576,609,656,710,779,865
El Salvador,Americas,Central America,6453553,,,,,,,,,,,,,,,,,,,,,,,,,,,,,,,,,,,,,,,,,,,,,,,,,,,,,,,,,,,,1,1,1,1,3,5,13,13,13,19,24,30,30,32,41
Equatorial Guinea,Africa,Middle Africa,1355986,,,,,,,,,,,,,,,,,,,,,,,,,,,,,,,,,,,,,,,,,,,,,,,,,,,,,,,1,1,1,1,3,4,4,6,6,6,6,6,6,6,6,13,14,14,14,15
Eritrea,Africa,Eastern Africa,3497117,,,,,,,,,,,,,,,,,,,,,,,,,,,,,,,,,,,,,,,,,,,,,,,,,,,,,,,,,,,,,,1,1,1,1,4,6,6,6,6,6,6,15,20
Estonia,Europe,Northern Europe,1325648,,,,,,,,,,,,,,,,,,,,,,,,,,,,,,,,,,,,,,1,1,1,1,1,1,2,2,3,10,10,10,10,13,13,13,79,79,205,205,225,258,267,283,306,326,352,369,404,538,575,640,679,715,745,779,858
Eswatini,Africa,Southern Africa,1148130,,,,,,,,,,,,,,,,,,,,,,,,,,,,,,,,,,,,,,,,,,,,,,,,,,,,,,,1,1,1,1,1,1,1,1,4,4,4,4,6,9,9,9,9,9,9,9
Ethiopia,Africa,Eastern Africa,112078730,,,,,,,,,,,,,,,,,,,,,,,,,,,,,,,,,,,,,,,,,,,,,,,,,,,,,,1,1,1,5,5,6,9,9,9,11,11,12,12,12,16,16,21,23,26,26,31
F.S. Micronesia,Oceania,Micronesia,113815,,,,,,,,,,,,,,,,,,,,,,,,,,,,,,,,,,,,,,,,,,,,,,,,,,,,,,,,,,,,,,,,,,,,,,,,,,
Falkland Islands,Americas,South America,3377,,,,,,,,,,,,,,,,,,,,,,,,,,,,,,,,,,,,,,,,,,,,,,,,,,,,,,,,,,,,,,,,,,,,,,,,,,
Faroe Islands,Europe,Northern Europe,48678,,,,,,,,,,,,,,,,,,,,,,,,,,,,,,,,,,,,,,,,,,,,,,,,1,2,2,2,2,2,3,9,11,47,47,58,72,80,92,115,118,122,132,140,144,155,159,168,169,173,177
Fiji,Oceania,Melanesia,889953,,,,,,,,,,,,,,,,,,,,,,,,,,,,,,,,,,,,,,,,,,,,,,,,,,,,,,,,,,,,1,1,2,2,3,4,5,5,5,5,5,5,5,5,7
Finland,Europe,Northern Europe,5532156,,,,,,,,,,1,1,1,1,1,1,1,1,1,1,1,1,1,1,1,1,1,1,1,1,1,1,1,1,1,1,1,1,2,2,2,2,6,7,7,7,12,19,19,30,40,40,40,109,109,210,267,272,319,359,369,450,521,626,700,792,880,958,1025,1218,1218,1313,1384,1446,1518
France,Europe,Western Europe,65129728,,,,,3,3,3,3,4,5,6,6,6,6,6,6,6,6,6,11,11,11,11,11,11,11,12,12,12,12,12,12,12,12,12,12,12,18,38,57,100,100,191,212,282,420,613,706,1116,1402,1774,2269,2860,3640,4469,5380,6573,7652,9043,10877,12475,14296,15821,19615,22025,24920,28786,32542,37145,39642,43977,51477,56261,58327
French Guiana,Americas,South America,282731,,,,,,,,,,,,,,,,,,,,,,,,,,,,,,,,,,,,,,,,,,,,,,,,5,5,5,5,5,6,6,7,7,7,7,11,15,15,15,18,20,23,28,28,31,31,31,43,46,51,55
French Polynesia,Oceania,Polynesia,279287,,,,,,,,,,,,,,,,,,,,,,,,,,,,,,,,,,,,,,,,,,,,,,,,,,,,1,1,1,3,3,3,3,3,11,11,15,17,18,25,25,30,30,34,35,36,37,37,37
Gabon,Africa,Middle Africa,2172579,,,,,,,,,,,,,,,,,,,,,,,,,,,,,,,,,,,,,,,,,,,,,,,,,,,,,,1,1,1,1,1,3,3,3,3,6,6,6,6,6,7,7,7,7,7,7,18
Gambia,Africa,Western Africa,2347706,,,,,,,,,,,,,,,,,,,,,,,,,,,,,,,,,,,,,,,,,,,,,,,,,,,,,,,,,,,1,1,1,1,1,1,2,2,2,2,3,3,3,3,3,4
Georgia,Asia,Western Asia,3996765,,,,,,,,,,,,,,,,,,,,,,,,,,,,,,,,,,,,,,1,1,2,3,3,3,3,3,9,9,12,13,15,23,23,25,25,30,33,33,34,38,38,43,49,54,67,73,77,81,85,90,98,103,115,121,148
Germany,Europe,Western Europe,83517045,,,,,,,,1,4,4,5,7,8,10,12,12,12,13,14,14,14,14,16,16,16,16,16,16,16,16,16,16,16,16,16,16,18,21,26,57,57,129,157,196,262,534,639,795,1112,1139,1296,1567,2369,3062,3795,4838,6012,7156,8198,10999,18323,21463,24774,29212,31554,36508,42288,48582,52547,57298,61913,67366,73522,79696
Ghana,Africa,Western Africa,28833629,,,,,,,,,,,,,,,,,,,,,,,,,,,,,,,,,,,,,,,,,,,,,,,,,,,,,,1,2,6,6,6,9,11,16,19,24,27,53,68,132,137,137,152,152,152,195,204
Gibraltar,Europe,Southern Europe,33701,,,,,,,,,,,,,,,,,,,,,,,,,,,,,,,,,,,,,,,,,,,,,1,1,1,1,1,1,1,1,1,1,1,1,3,3,8,10,10,10,15,15,15,26,35,55,56,65,69,69,69,81
Greece,Europe,Southern Europe,10473455,,,,,,,,,,,,,,,,,,,,,,,,,,,,,,,,,,,,,,1,3,3,3,7,7,7,9,32,32,66,73,73,89,98,98,98,228,331,331,387,418,418,495,530,624,695,743,821,892,966,1061,1156,1212,1314,1375,1514
Greenland,Americas,Northern America,56672,,,,,,,,,,,,,,,,,,,,,,,,,,,,,,,,,,,,,,,,,,,,,,,,,,,,,,,,,,,2,2,2,2,2,4,4,5,6,9,10,10,10,10,10,10
Grenada,Americas,Caribbean,112003,,,,,,,,,,,,,,,,,,,,,,,,,,,,,,,,,,,,,,,,,,,,,,,,,,,,,,,,,,,,,,,1,1,1,1,7,7,7,7,9,9,9,10
Guadeloupe,Americas,Caribbean,447905,,,,,,,,,,,,,,,,,,,,,,,,,,,,,,,,,,,,,,,,,,,,,,,,,,,,,,1,3,6,18,18,33,45,51,51,56,62,73,76,76,96,96,96,106,114,125,128
Guam,Oceania,Micronesia,167294,,,,,,,,,,,,,,,,,,,,,,,,,,,,,,,,,,,,,,,,,,,,,,,,,,,,,,,,,3,3,5,12,14,15,27,29,32,37,45,51,56,56,58,69,77,82
Guatemala,Americas,Central America,17581472,,,,,,,,,,,,,,,,,,,,,,,,,,,,,,,,,,,,,,,,,,,,,,,,,,,,,,,,1,1,6,6,9,12,12,18,20,21,24,24,25,32,34,36,36,39,47
Guernsey,Europe,Northern Europe,63026,,,,,,,,,,,,,,,,,,,,,,,,,,,,,,,,,,,,,,,,,,,,,,,,,,1,1,1,1,1,1,1,1,1,1,1,1,1,17,20,23,30,34,36,39,39,45,60,78,91
Guinea,Africa,Western Africa,12771246,,,,,,,,,,,,,,,,,,,,,,,,,,,,,,,,,,,,,,,,,,,,,,,,,,,,,,1,1,1,1,1,1,2,2,2,2,4,4,4,5,8,8,16,16,16,30,52
Guinea-Bissau,Africa,Western Africa,1920922,,,,,,,,,,,,,,,,,,,,,,,,,,,,,,,,,,,,,,,,,,,,,,,,,,,,,,,,,,,,,,,,,,2,2,2,2,2,2,9,9,9
Guyana,Americas,South America,782766,,,,,,,,,,,,,,,,,,,,,,,,,,,,,,,,,,,,,,,,,,,,,,,,,,,,,1,1,1,4,4,4,4,5,5,5,5,5,5,5,5,5,5,5,8,12,19,19
Haiti,Americas,Caribbean,11263770,,,,,,,,,,,,,,,,,,,,,,,,,,,,,,,,,,,,,,,,,,,,,,,,,,,,,,,,,,,,,2,2,2,6,7,8,8,8,8,15,15,15,16,16
Honduras,Americas,Central America,9746117,,,,,,,,,,,,,,,,,,,,,,,,,,,,,,,,,,,,,,,,,,,,,,,,,,,,2,2,2,2,2,8,8,9,12,24,24,26,30,30,52,52,67,67,110,139,139,172,219
Hong Kong,Asia,Eastern Asia,7436154,,,,,,,,,,,,,,,,,,,,,,,,,,,,,,,,,,,,,,,,,,,,,,,,,,,,,,,,,,,,,,,,,,,,,,,,,,
Hungary,Europe,Eastern Europe,9684679,,,,,,,,,,,,,,,,,,,,,,,,,,,,,,,,,,,,,,,,,,,,,2,2,5,7,9,9,13,13,16,19,32,39,50,50,58,73,85,131,167,187,226,261,300,343,408,447,447,492,525,585
Iceland,Europe,Northern Europe,339031,,,,,,,,,,,,,,,,,,,,,,,,,,,,,,,,,,,,,,,,,,2,9,16,26,26,45,45,55,55,61,61,61,61,138,138,199,225,250,330,409,473,568,588,648,737,802,890,963,1020,1086,1135,1220,1319
India,Asia,Southern Asia,1366417754,,,,,,,,,,1,1,1,2,3,3,3,3,3,3,3,3,3,3,3,3,3,3,3,3,3,3,3,3,3,3,3,3,3,3,3,3,3,5,6,29,30,31,34,43,44,60,73,74,82,107,114,137,137,151,195,195,283,415,434,562,649,724,724,979,1071,1071,1636,1636,1965
Indonesia,Asia,South-eastern Asia,270625568,,,,,,,,,,,,,,,,,,,,,,,,,,,,,,,,,,,,,,,,,,2,2,2,2,2,2,4,6,19,27,34,34,69,117,117,172,172,227,309,369,450,514,579,686,790,893,1046,1155,1285,1414,1528,1677,1790
Iran,Asia,Southern Asia,82913906,,,,,,,,,,,,,,,,,,,,,,,,,,,,,,,2,5,18,28,43,61,95,141,245,388,593,978,1501,2336,2922,3513,4747,5823,6566,7161,8042,9000,10075,11364,12729,14991,14991,16169,17361,18407,19644,20610,21638,23049,24811,27017,29406,32332,35408,38309,41495,44606,47593,50468
Iraq,Asia,Western Asia,39309783,,,,,,,,,,,,,,,,,,,,,,,,,,,,,,,,,,,,1,5,6,7,8,13,19,26,31,36,36,44,54,60,61,61,70,70,93,93,124,124,154,164,177,193,214,233,266,316,346,382,458,506,547,630,694,728,772
Ireland,Europe,Northern Europe,4882495,,,,,,,,,,,,,,,,,,,,,,,,,,,,,,,,,,,,,,,,,1,1,1,2,2,14,18,19,21,24,34,43,70,90,129,169,223,292,292,557,683,785,906,1125,1329,1564,1819,2121,2415,2615,2910,3235,3447,3849
Isle of Man,Europe,Northern Europe,84584,,,,,,,,,,,,,,,,,,,,,,,,,,,,,,,,,,,,,,,,,,,,,,,,,,,,,,,,,,,,,1,2,2,13,23,23,26,29,32,42,42,52,65,71
Israel,Asia,Western Asia,8519377,,,,,,,,,,,,,,,,,,,,,,,,,,,,,,,,,1,1,1,2,2,2,3,5,7,7,10,12,15,15,19,25,39,39,75,75,75,100,178,200,250,304,427,529,712,883,1071,1238,2170,2369,3035,3460,3865,4247,4831,5129,5591,6211
Italy,Europe,Southern Europe,60550075,,,,,,,,,,,2,2,2,2,2,2,2,3,3,3,3,3,3,3,3,3,3,3,3,3,3,3,9,76,124,229,322,400,650,888,1128,1689,2036,2502,3089,3858,4636,5883,7375,9172,10149,12462,15113,17660,21157,24747,27980,31506,35713,41035,47021,53578,59138,63927,69176,74386,80539,86498,92472,97689,101739,105792,110574,115242
Jamaica,Americas,Caribbean,2948279,,,,,,,,,,,,,,,,,,,,,,,,,,,,,,,,,,,,,,,,,,,,,,,,,,,1,1,1,7,8,10,10,12,13,15,16,16,19,19,21,26,26,26,30,32,36,36,38,44
Japan,Asia,Eastern Asia,126860301,1,1,1,1,3,3,4,6,7,11,14,17,20,20,20,33,25,25,25,26,26,26,28,29,33,41,53,59,65,73,85,93,105,132,144,157,164,186,210,230,239,254,268,284,317,349,408,455,488,514,568,620,675,716,780,814,829,829,873,950,996,1046,1089,1128,1193,1291,1387,1499,1693,1866,1953,2178,2384,2617
Jersey,Europe,Northern Europe,106800,,,,,,,,,,,,,,,,,,,,,,,,,,,,,,,,,,,,,,,,,,,,,,,,,,,,,2,2,2,2,2,5,5,5,12,12,15,18,16,18,32,52,61,63,63,63,81,81
Jordan,Asia,Western Asia,10101694,,,,,,,,,,,,,,,,,,,,,,,,,,,,,,,,,,,,,,,,,,,1,1,1,1,1,1,1,1,1,1,1,1,1,6,35,35,52,56,69,84,112,127,153,172,212,235,246,259,268,274,278,299
Kazakhstan,Asia,Central Asia,18551427,,,,,,,,,,,,,,,,,,,,,,,,,,,,,,,,,,,,,,,,,,,,,,,,,,,,,,,6,6,6,33,36,46,53,56,60,63,79,97,125,204,265,294,312,348,386,435
Kenya,Africa,Eastern Africa,52573973,,,,,,,,,,,,,,,,,,,,,,,,,,,,,,,,,,,,,,,,,,,,,,,,,,,,,,1,1,1,3,3,7,7,7,7,15,16,25,25,25,25,25,25,38,50,81,110
Kiribati,Oceania,Micronesia,117606,,,,,,,,,,,,,,,,,,,,,,,,,,,,,,,,,,,,,,,,,,,,,,,,,,,,,,,,,,,,,,,,,,,,,,,,,,
Kosovo,Europe,Southern Europe,1810463,,,,,,,,,,,,,,,,,,,,,,,,,,,,,,,,,,,,,,,,,,,,,,,,,,,,,,,,,,,,,,,31,61,63,71,79,88,91,94,106,112,125,126
Kuwait,Asia,Western Asia,4207083,,,,,,,,,,,,,,,,,,,,,,,,,,,,,,,,,,,3,8,12,43,43,45,45,56,56,56,58,58,58,62,64,65,69,80,80,100,112,112,130,130,142,148,159,176,189,191,195,208,208,235,235,255,266,289,317,417
Kyrgyzstan,Asia,Central Asia,6415850,,,,,,,,,,,,,,,,,,,,,,,,,,,,,,,,,,,,,,,,,,,,,,,,,,,,,,,,,,,3,3,6,14,14,16,42,44,58,58,84,84,107,111,115,130
Laos,Asia,South-eastern Asia,7169455,,,,,,,,,,,,,,,,,,,,,,,,,,,,,,,,,,,,,,,,,,,,,,,,,,,,,,,,,,,,,,,,,2,3,6,6,6,8,8,9,10,10
Latvia,Europe,Northern Europe,1906743,,,,,,,,,,,,,,,,,,,,,,,,,,,,,,,,,,,,,,,,,,,1,1,1,1,1,1,3,6,8,16,16,16,30,31,36,60,71,86,111,124,139,180,197,221,244,280,305,376,376,398,446,458
Lebanon,Asia,Western Asia,6855713,,,,,,,,,,,,,,,,,,,,,,,,,,,,,,,,,1,1,1,1,1,2,2,2,2,10,13,13,13,16,22,28,32,41,41,66,66,77,93,99,109,120,133,149,163,206,248,267,304,333,368,391,412,438,446,463,479,508
Lesotho,Africa,Southern Africa,2125268,,,,,,,,,,,,,,,,,,,,,,,,,,,,,,,,,,,,,,,,,,,,,,,,,,,,,,,,,,,,,,,,,,,,,,,,,,
Liberia,Africa,Western Africa,4937374,,,,,,,,,,,,,,,,,,,,,,,,,,,,,,,,,,,,,,,,,,,,,,,,,,,,,,,,,1,1,2,2,2,3,3,3,3,3,3,3,3,3,3,3,6,6
Libya,Africa,Northern Africa,6777452,,,,,,,,,,,,,,,,,,,,,,,,,,,,,,,,,,,,,,,,,,,,,,,,,,,,,,,,,,,,,,,,,1,1,1,1,3,8,8,10,10,10
Liechtenstein,Europe,Western Europe,38019,,,,,,,,,,,,,,,,,,,,,,,,,,,,,,,,,,,,,,,,,,,,,1,1,1,1,1,1,1,1,4,4,4,7,7,7,25,25,34,36,46,46,47,51,56,60,61,62,64,68,72,75
Lithuania,Europe,Northern Europe,2759627,,,,,,,,,,,,,,,,,,,,,,,,,,,,,,,,,,,,,,,1,1,1,1,1,1,1,1,1,1,1,1,1,3,3,6,9,14,17,25,26,36,69,105,143,179,209,274,299,358,394,484,484,533,581,649
Luxembourg,Europe,Western Europe,615729,,,,,,,,,,,,,,,,,,,,,,,,,,,,,,,,,,,,,,,,,,1,1,1,1,1,2,2,2,5,5,17,17,38,38,38,81,140,210,345,484,670,798,875,1099,1333,1453,1605,1831,1950,1988,2178,2319,2487
Macau,Asia,Eastern Asia,640445,,,,,,,,,,,,,,,,,,,,,,,,,,,,,,,,,,,,,,,,,,,,,,,,,,,,,,,,,,,,,,,,,,,,,,,,,,
Madagascar,Africa,Eastern Africa,26969307,,,,,,,,,,,,,,,,,,,,,,,,,,,,,,,,,,,,,,,,,,,,,,,,,,,,,,,,,,,,,,3,12,13,19,19,24,26,26,37,46,53,53,65
Malawi,Africa,Eastern Africa,18628747,,,,,,,,,,,,,,,,,,,,,,,,,,,,,,,,,,,,,,,,,,,,,,,,,,,,,,,,,,,,,,,,,,,,,,,,,,3
Malaysia,Asia,South-eastern Asia,31949777,,,,,,3,4,4,4,7,8,8,8,8,10,10,12,14,15,17,18,18,18,18,19,21,22,22,22,22,22,22,22,22,22,22,22,22,24,24,24,24,29,50,50,55,83,93,93,117,129,129,129,197,238,553,553,553,673,900,1030,1183,1306,1518,1624,1796,2031,2161,2320,2470,2626,2766,2908,3116
Maldives,Asia,Southern Asia,530953,,,,,,,,,,,,,,,,,,,,,,,,,,,,,,,,,,,,,,,,,,,,,,,,2,4,4,8,8,8,9,10,13,13,13,13,13,13,13,13,13,13,13,13,13,16,17,17,18,18,19
Mali,Africa,Western Africa,19658031,,,,,,,,,,,,,,,,,,,,,,,,,,,,,,,,,,,,,,,,,,,,,,,,,,,,,,,,,,,,,,,,,,2,2,9,18,18,18,18,28,28
Malta,Europe,Southern Europe,440372,,,,,,,,,,,,,,,,,,,,,,,,,,,,,,,,,,,,,,,,,,,,,,,,3,3,4,4,6,9,12,12,21,30,38,48,53,64,73,90,107,120,129,134,139,139,151,156,167,188,195
Marshall Islands,Oceania,Micronesia,58791,,,,,,,,,,,,,,,,,,,,,,,,,,,,,,,,,,,,,,,,,,,,,,,,,,,,,,,,,,,,,,,,,,,,,,,,,,
Martinique,Americas,Caribbean,375554,,,,,,,,,,,,,,,,,,,,,,,,,,,,,,,,,,,,,,,,,,,,,,,,2,2,2,3,3,4,6,10,15,16,16,23,32,32,32,32,53,57,66,66,93,93,105,111,119,128,131
Mauritania,Africa,Western Africa,4525696,,,,,,,,,,,,,,,,,,,,,,,,,,,,,,,,,,,,,,,,,,,,,,,,,,,,,,,1,1,1,1,2,2,2,2,2,2,2,2,3,3,5,5,5,5,5,5
Mauritius,Africa,Eastern Africa,1198575,,,,,,,,,,,,,,,,,,,,,,,,,,,,,,,,,,,,,,,,,,,,,,,,,,,,,,,,,,,3,7,12,12,12,36,42,47,81,96,102,102,107,143,154,169
Mayotte,Africa,Eastern Africa,266150,,,,,,,,,,,,,,,,,,,,,,,,,,,,,,,,,,,,,,,,,,,,,,,,,,,,,,,1,1,1,1,3,4,4,11,14,24,30,35,50,50,50,82,82,101,116,128
Mexico,Americas,Central America,127575529,,,,,,,,,,,,,,,,,,,,,,,,,,,,,,,,,,,,,,,,2,2,5,5,5,5,5,5,7,7,7,7,11,12,26,41,53,53,82,93,118,164,164,251,370,370,478,478,589,717,848,993,1094,1215,1378
Monaco,Europe,Western Europe,38964,,,,,,,,,,,,,,,,,,,,,,,,,,,,,,,,,,,,,,,,,1,1,1,1,1,1,1,1,1,1,1,1,1,2,2,9,9,9,9,9,12,18,23,23,23,23,19,19,19,46,49,52,37,37
Mongolia,Asia,Eastern Asia,3225167,,,,,,,,,,,,,,,,,,,,,,,,,,,,,,,,,,,,,,,,,,,,,,,,,,1,1,1,1,1,1,1,4,4,5,6,6,10,10,10,10,10,11,12,12,12,12,12,14,14
Montenegro,Europe,Southern Europe,627987,,,,,,,,,,,,,,,,,,,,,,,,,,,,,,,,,,,,,,,,,,,,,,,,,,,,,,,,,,2,2,10,14,14,21,22,29,52,67,70,82,85,91,105,120,140
Montserrat,Americas,Caribbean,4989,,,,,,,,,,,,,,,,,,,,,,,,,,,,,,,,,,,,,,,,,,,,,,,,,,,,,,,,,,,1,1,1,1,1,1,1,2,2,5,5,5,5,5,5,5
Morocco,Africa,Northern Africa,36471769,,,,,,,,,,,,,,,,,,,,,,,,,,,,,,,,,,,,,,,,,,,1,1,2,2,2,2,2,2,3,5,6,7,18,28,38,38,49,61,74,86,115,143,170,225,275,358,437,516,574,638,676,735
Mozambique,Africa,Eastern Africa,30366036,,,,,,,,,,,,,,,,,,,,,,,,,,,,,,,,,,,,,,,,,,,,,,,,,,,,,,,,,,,,,,,1,1,3,5,5,7,8,8,8,8,10,10
Myanmar,Asia,South-eastern Asia,54045420,,,,,,,,,,,,,,,,,,,,,,,,,,,,,,,,,,,,,,,,,,,,,,,,,,,,,,,,,,,,,,,,2,3,3,5,5,8,8,10,15,15,16
Namibia,Africa,Southern Africa,2494530,,,,,,,,,,,,,,,,,,,,,,,,,,,,,,,,,,,,,,,,,,,,,,,,,,,,,,,2,2,2,2,2,3,3,3,3,3,4,5,8,8,8,11,11,11,11,13
Nauru,Oceania,Micronesia,10756,,,,,,,,,,,,,,,,,,,,,,,,,,,,,,,,,,,,,,,,,,,,,,,,,,,,,,,,,,,,,,,,,,,,,,,,,,
Nepal,Asia,Southern Asia,28608710,,,,,1,1,1,1,1,1,1,1,1,1,1,1,1,1,1,1,1,1,1,1,1,1,1,1,1,1,1,1,1,1,1,1,1,1,1,1,1,1,1,1,1,1,1,1,1,1,1,1,1,1,1,1,1,1,1,1,1,1,1,2,2,3,3,3,5,5,5,5,5,6
Netherlands,Europe,Western Europe,17097130,,,,,,,,,,,,,,,,,,,,,,,,,,,,,,,,,,,,,,,1,2,7,13,18,28,38,82,128,188,265,321,382,503,614,804,959,1135,1413,1705,2051,2460,2994,3631,4204,4749,5560,6412,7431,8603,9762,10866,11750,12595,13614,14697
New Caledonia,Oceania,Melanesia,282750,,,,,,,,,,,,,,,,,,,,,,,,,,,,,,,,,,,,,,,,,,,,,,,,,,,,,,,,,,,,2,2,4,5,8,10,14,14,15,15,15,15,16,16,18
New Zealand,Oceania,Australia and New Zealand,4783063,,,,,,,,,,,,,,,,,,,,,,,,,,,,,,,,,,,,,,,1,1,1,1,2,2,2,4,5,5,5,5,5,5,5,6,6,6,11,11,20,39,53,66,102,102,189,262,338,416,476,552,600,647,723,774
Nicaragua,Americas,Central America,6545502,,,,,,,,,,,,,,,,,,,,,,,,,,,,,,,,,,,,,,,,,,,,,,,,,,,,,,,,,,,,1,1,2,2,2,2,2,2,2,4,4,4,4,5,5
Niger,Africa,Western Africa,23310715,,,,,,,,,,,,,,,,,,,,,,,,,,,,,,,,,,,,,,,,,,,,,,,,,,,,,,,,,,,,1,1,1,1,2,2,2,10,10,10,20,20,20,74,74
Nigeria,Africa,Western Africa,200963599,,,,,,,,,,,,,,,,,,,,,,,,,,,,,,,,,,,,,,,1,1,1,1,1,1,1,1,1,1,2,2,2,2,2,2,2,2,2,2,8,12,12,22,22,22,42,46,65,65,65,65,111,111,139,174
Niue,Oceania,Polynesia,1615,,,,,,,,,,,,,,,,,,,,,,,,,,,,,,,,,,,,,,,,,,,,,,,,,,,,,,,,,,,,,,,,,,,,,,,,,,
North Korea,Asia,Eastern Asia,25666161,,,,,,,,,,,,,,,,,,,,,,,,,,,,,,,,,,,,,,,,,,,,,,,,,,,,,,,,,,,,,,,,,,,,,,,,,,
North Macedonia,Europe,Southern Europe,2083459,,,,,,,,,,,,,,,,,,,,,,,,,,,,,,,,,,,,,,1,1,1,1,1,1,1,1,1,3,3,3,7,7,7,7,9,13,13,19,31,36,48,70,85,114,136,148,177,201,219,241,259,285,329,354,384
Northern Mariana Islands,Oceania,Micronesia,56188,,,,,,,,,,,,,,,,,,,,,,,,,,,,,,,,,,,,,,,,,,,,,,,,,,,,,,,,,,,,,,,,,,,,,2,2,2,2,6,8
Norway,Europe,Northern Europe,5378857,,,,,,,,,,,,,,,,,,,,,,,,,,,,,,,,,,,,,,1,4,6,15,19,25,33,56,86,113,147,169,192,277,489,489,750,907,1077,1169,1308,1423,1552,1742,1926,2132,2371,2566,2916,3156,3581,3845,4102,4226,4447,4665,4935
Oman,Asia,Western Asia,4974986,,,,,,,,,,,,,,,,,,,,,,,,,,,,,,,,,,,,2,4,4,6,6,6,6,6,12,15,16,16,16,16,18,18,18,18,19,20,22,24,24,33,39,48,52,55,84,99,99,109,152,167,167,179,210,231,252
Pakistan,Asia,Southern Asia,216565318,,,,,,,,,,,,,,,,,,,,,,,,,,,,,,,,,,,,,,2,2,2,4,4,5,5,5,5,5,5,6,16,16,19,20,21,28,52,187,187,241,302,461,495,784,887,991,1057,1057,1235,1526,1625,1865,2039,2291,2450
Palau,Oceania,Micronesia,18008,,,,,,,,,,,,,,,,,,,,,,,,,,,,,,,,,,,,,,,,,,,,,,,,,,,,,,,,,,,,,,,,,,,,,,,,,,
Palestine,Asia,Western Asia,4981420,,,,,,,,,,,,,,,,,,,,,,,,,,,,,,,,,,,,,,,,,,,,,4,7,16,16,19,26,30,30,31,35,38,38,39,41,44,47,48,52,59,59,60,64,84,97,104,115,117,134,134,165
Panama,Americas,Central America,4246439,,,,,,,,,,,,,,,,,,,,,,,,,,,,,,,,,,,,,,,,,,,,,,,,,,1,8,10,14,27,27,43,69,69,86,109,137,137,245,345,345,558,558,674,786,901,989,989,1181,1317
Papua New Guinea,Oceania,Melanesia,8776109,,,,,,,,,,,,,,,,,,,,,,,,,,,,,,,,,,,,,,,,,,,,,,,,,,,,,,,,,,,,,1,1,1,1,1,1,1,1,1,1,1,1,1,1
Paraguay,Americas,South America,7044636,,,,,,,,,,,,,,,,,,,,,,,,,,,,,,,,,,,,,,,,,,,,,,,,,1,1,8,5,5,6,6,8,9,9,11,11,13,18,22,22,27,41,41,52,56,59,64,65,69,77
Peru,Americas,South America,32510453,,,,,,,,,,,,,,,,,,,,,,,,,,,,,,,,,,,,,,,,,,,,,,,1,6,6,9,11,17,22,28,43,71,86,86,145,234,234,318,318,395,416,480,580,580,635,671,852,1065,1323,1323
Philippines,Asia,South-eastern Asia,108116615,,,,,,,,,,1,1,1,2,2,2,3,3,3,3,3,3,3,3,3,3,3,3,3,3,3,3,3,3,3,3,3,3,3,3,3,3,3,3,3,3,5,5,6,10,33,49,52,52,64,111,140,187,187,187,217,230,307,380,462,552,636,707,803,1075,1418,1546,2084,2311,2633
Poland,Europe,Eastern Europe,37887768,,,,,,,,,,,,,,,,,,,,,,,,,,,,,,,,,,,,,,,,,,,,1,1,1,5,6,11,16,22,44,49,64,111,150,150,246,287,325,425,536,634,749,901,1051,1221,1389,1638,1862,2055,2311,2554,2946
Portugal,Europe,Southern Europe,10226187,,,,,,,,,,,,,,,,,,,,,,,,,,,,,,,,,,,,,,,,,,,2,2,7,9,13,21,30,30,41,41,41,112,112,245,331,448,642,785,1020,1280,1600,2060,2362,2995,3544,4268,5170,5962,6408,7443,8251,9034
Puerto Rico,Americas,Caribbean,2933408,,,,,,,,,,,,,,,,,,,,,,,,,,,,,,,,,,,,,,,,,,,,,,,,,,,,,,3,3,3,3,3,5,6,14,21,23,31,39,51,64,64,64,64,174,239,286,316
Qatar,Asia,Western Asia,2832067,,,,,,,,,,,,,,,,,,,,,,,,,,,,,,,,,,,,,,,,,1,3,7,8,8,8,11,12,15,18,24,262,262,262,337,401,439,442,442,452,460,470,494,501,526,537,549,562,590,634,693,781,835,949
Republic of Korea,Asia,Eastern Asia,51225308,1,1,1,2,2,2,4,4,4,4,11,12,15,15,16,18,23,24,24,27,27,28,28,28,28,28,29,30,31,51,104,204,346,602,763,977,1261,1766,2337,3150,3736,4212,4812,5328,5766,6284,6767,7134,7382,7513,7755,7869,7979,8086,8162,8236,8320,8320,8413,8652,8799,8897,8961,9037,9137,9241,9332,9478,9583,9661,9786,9887,9976,10062
Republic of Moldova,Europe,Eastern Europe,4043263,,,,,,,,,,,,,,,,,,,,,,,,,,,,,,,,,,,,,,,,,,,,,,,,1,1,1,3,4,4,8,12,23,29,30,36,49,66,80,94,109,125,149,177,199,231,263,298,353,423,591
Republic of the Congo,Africa,Middle Africa,5380508,,,,,,,,,,,,,,,,,,,,,,,,,,,,,,,,,,,,,,,,,,,,,,,,,,,,,,,1,1,1,1,3,3,3,4,4,4,4,4,4,19,19,19,19,19,22,41
Réunion,Africa,Eastern Africa,888927,,,,,,,,,,,,,,,,,,,,,,,,,,,,,,,,,,,,,,,,,,,,,,,,,,,,,3,5,6,9,9,9,12,15,28,47,64,71,83,94,135,135,143,207,207,247,281,308
Romania,Europe,Eastern Europe,19364557,,,,,,,,,,,,,,,,,,,,,,,,,,,,,,,,,,,,,,1,1,3,3,3,3,4,4,6,7,13,15,15,25,48,48,64,123,158,158,184,246,260,308,367,433,576,762,906,1029,1292,1452,1760,1952,2245,2460,2738
Russian Federation,Europe,Eastern Europe,145872256,,,,,,,,,,,,2,2,2,2,2,2,2,2,2,2,2,2,2,2,2,2,2,2,2,2,2,2,2,2,2,2,2,2,2,2,2,3,3,3,4,7,7,7,7,7,20,34,34,34,63,93,93,147,199,253,306,438,438,658,840,1036,1264,1534,1534,1837,2337,2777,3548
Rwanda,Africa,Eastern Africa,12626950,,,,,,,,,,,,,,,,,,,,,,,,,,,,,,,,,,,,,,,,,,,,,,,,,,,,,,,,5,7,7,11,11,11,17,17,36,40,41,50,54,60,70,70,75,82,84
Saint Barthélemy,Americas,Caribbean,9793,,,,,,,,,,,,,,,,,,,,,,,,,,,,,,,,,,,,,,,,,,,,,1,1,1,1,1,1,1,1,1,1,1,3,3,3,3,3,3,3,3,3,3,3,3,5,5,5,6,6,6,6
Saint Helena and Ascension and Tristan da Cunha,Africa,Western Africa,6059,,,,,,,,,,,,,,,,,,,,,,,,,,,,,,,,,,,,,,,,,,,,,,,,,,,,,,,,,,,,,,,,,,,,,,,,,,
Saint Kitts and Nevis,Americas,Caribbean,52823,,,,,,,,,,,,,,,,,,,,,,,,,,,,,,,,,,,,,,,,,,,,,,,,,,,,,,,,,,,,,,,,,,2,2,2,2,4,2,8,8,8
Saint Lucia,Americas,Caribbean,182790,,,,,,,,,,,,,,,,,,,,,,,,,,,,,,,,,,,,,,,,,,,,,,,,,,,,,,,,1,2,2,2,2,2,2,2,3,3,3,3,3,3,4,9,9,13,13
Saint Martin,Americas,Caribbean,35107,,,,,,,,,,,,,,,,,,,,,,,,,,,,,,,,,,,,,,,,,,,,,2,2,2,2,2,2,2,2,2,2,2,2,2,2,4,4,4,4,5,8,8,11,11,12,12,6,18,18,21,22
Saint Pierre and Miquelon,Americas,Northern America,5822,,,,,,,,,,,,,,,,,,,,,,,,,,,,,,,,,,,,,,,,,,,,,,,,,,,,,,,,,,,,,,,,,,,,,,,,,,
Saint Vincent and the Grenadines,Americas,Caribbean,110589,,,,,,,,,,,,,,,,,,,,,,,,,,,,,,,,,,,,,,,,,,,,,,,,,,,,,1,1,1,1,1,1,1,1,1,1,1,1,1,1,1,1,1,1,1,1,1,2
Samoa,Oceania,Polynesia,197097,,,,,,,,,,,,,,,,,,,,,,,,,,,,,,,,,,,,,,,,,,,,,,,,,,,,,,,,,,,,,,,,,,,,,,,,,,
San Marino,Europe,Southern Europe,33860,,,,,,,,,,,,,,,,,,,,,,,,,,,,,,,,,,,,,,,,1,1,1,8,8,16,21,24,27,37,49,63,63,63,66,92,92,102,104,109,126,151,151,151,187,187,208,218,228,228,229,230,236,236,245
São Tomé and Príncipe,Africa,Middle Africa,215056,,,,,,,,,,,,,,,,,,,,,,,,,,,,,,,,,,,,,,,,,,,,,,,,,,,,,,,,,,,,,,,,,,,,,,,,,,
Saudi Arabia,Asia,Western Asia,34268528,,,,,,,,,,,,,,,,,,,,,,,,,,,,,,,,,,,,,,,,,,,1,1,2,8,8,7,15,15,20,21,21,62,103,103,133,171,238,238,274,392,511,562,767,900,1012,1104,1203,1299,1453,1563,1720,1885
Senegal,Africa,Western Africa,16296364,,,,,,,,,,,,,,,,,,,,,,,,,,,,,,,,,,,,,,,,,,,1,1,4,4,4,4,4,4,4,4,10,10,21,26,27,27,36,38,38,56,67,79,86,99,105,119,119,142,162,175,190,195
Serbia,Europe,Southern Europe,6963764,,,,,,,,,,,,,,,,,,,,,,,,,,,,,,,,,,,,,,,,,,,,,,1,1,1,1,1,12,19,19,31,41,46,70,85,96,123,135,173,188,249,303,384,457,528,659,741,785,900,1060,1171
Seychelles,Africa,Eastern Africa,97739,,,,,,,,,,,,,,,,,,,,,,,,,,,,,,,,,,,,,,,,,,,,,,,,,,,,,,,,2,4,4,6,6,6,7,7,7,7,7,7,7,7,8,8,8,10,10
Sierra Leone,Africa,Western Africa,7813215,,,,,,,,,,,,,,,,,,,,,,,,,,,,,,,,,,,,,,,,,,,,,,,,,,,,,,,,,,,,,,,,,,,,,,,,1,2,2
Singapore,Asia,South-eastern Asia,5804337,,,,1,3,4,4,7,7,10,13,16,18,18,18,24,28,30,33,40,43,45,47,50,58,67,72,75,77,81,84,85,86,89,89,90,91,93,96,98,102,106,108,110,110,117,130,138,150,160,166,178,187,200,212,243,243,266,313,345,385,432,455,507,558,631,683,732,802,844,879,926,1000,1049
Sint Maarten,Americas,Caribbean,42388,,,,,,,,,,,,,,,,,,,,,,,,,,,,,,,,,,,,,,,,,,,,,,,,,,,,,,,,,,,,1,1,1,1,2,2,2,2,3,3,3,6,6,6,18
Slovakia,Europe,Eastern Europe,5457013,,,,,,,,,,,,,,,,,,,,,,,,,,,,,,,,,,,,,,,,,,,,,,,1,3,5,7,7,10,21,30,44,61,72,97,105,123,137,178,185,191,204,216,226,295,295,336,336,363,400,426
Slovenia,Europe,Southern Europe,2078654,,,,,,,,,,,,,,,,,,,,,,,,,,,,,,,,,,,,,,,,,,,,,1,6,9,12,16,23,31,57,57,141,141,219,253,275,286,319,341,383,414,442,480,528,577,632,691,730,763,814,841,897
Solomon Islands,Oceania,Melanesia,669823,,,,,,,,,,,,,,,,,,,,,,,,,,,,,,,,,,,,,,,,,,,,,,,,,,,,,,,,,,,,,,,,,,,,,,,,,,
Somalia,Africa,Eastern Africa,15442905,,,,,,,,,,,,,,,,,,,,,,,,,,,,,,,,,,,,,,,,,,,,,,,,,,,,,,,,,1,1,1,1,1,1,1,1,1,2,3,3,3,3,3,5,5,5
South Africa,Africa,Southern Africa,58558270,,,,,,,,,,,,,,,,,,,,,,,,,,,,,,,,,,,,,,,,,,,,,,1,1,2,3,7,7,13,17,17,38,51,62,62,116,150,205,240,274,402,554,709,927,1170,1187,1280,1326,1353,1380,1462
South Sudan,Africa,Eastern Africa,11062113,,,,,,,,,,,,,,,,,,,,,,,,,,,,,,,,,,,,,,,,,,,,,,,,,,,,,,,,,,,,,,,,,,,,,,,,,,
Spain,Europe,Southern Europe,46736776,,,,,,,,,,,,1,1,1,1,1,1,1,1,1,2,2,2,2,2,2,2,2,2,2,2,2,2,2,2,2,2,12,25,32,45,45,114,151,198,257,374,430,589,1024,1639,2140,2965,4231,5753,7753,9191,11178,13716,17147,19980,24926,28572,33089,39673,47610,56188,64059,72248,78797,85195,94417,102136,110238
Sri Lanka,Asia,Southern Asia,21323733,,,,,,,,1,1,1,1,1,1,1,1,1,1,1,1,1,1,1,1,1,1,1,1,1,1,1,1,1,1,1,1,1,1,1,1,1,1,1,1,1,1,1,1,1,1,1,1,2,3,6,11,19,29,29,42,59,59,72,82,97,102,102,106,106,106,120,120,143,143,148
Sudan,Africa,Northern Africa,42813238,,,,,,,,,,,,,,,,,,,,,,,,,,,,,,,,,,,,,,,,,,,,,,,,,,,,,,1,1,1,2,1,1,1,1,2,2,2,3,3,3,3,5,6,6,7,7,8
Suriname,Americas,South America,581372,,,,,,,,,,,,,,,,,,,,,,,,,,,,,,,,,,,,,,,,,,,,,,,,,,,,,,,,1,1,1,1,1,2,2,2,2,6,7,7,8,8,8,8,8,8,8
Sweden,Europe,Northern Europe,10036379,,,,,,,,,,,,1,1,1,1,1,1,1,1,1,1,1,1,1,1,1,1,1,1,1,1,1,1,1,1,1,1,2,7,12,13,14,15,24,35,61,137,161,203,248,326,461,620,775,924,992,1059,1167,1279,1423,1623,1746,1906,2016,2272,2510,2806,3046,3447,3700,4028,4435,4947,5466
Switzerland,Europe,Western Europe,8591365,,,,,,,,,,,,,,,,,,,,,,,,,,,,,,,,,,,,,1,1,6,10,18,24,30,37,56,86,209,264,332,332,491,645,858,1125,1359,2200,2200,2650,3010,3863,4840,6077,6971,8015,8789,9714,10714,12104,13152,14274,15412,16108,17070,18844
Syria,Asia,Western Asia,17070135,,,,,,,,,,,,,,,,,,,,,,,,,,,,,,,,,,,,,,,,,,,,,,,,,,,,,,,,,,,,,,,1,1,1,5,5,5,5,9,10,10,10,16
Taiwan,Asia,Eastern Asia,23773876,,,,,,,,,,,,,,,,,,,,,,,,,,,,,,,,,,,,,,,,,,,,,,,,,,,,,,,,,,,,,,,,,,,,,,,,,,
Tajikistan,Asia,Central Asia,9321018,,,,,,,,,,,,,,,,,,,,,,,,,,,,,,,,,,,,,,,,,,,,,,,,,,,,,,,,,,,,,,,,,,,,,,,,,,
Tanzania,Africa,Eastern Africa,58005463,,,,,,,,,,,,,,,,,,,,,,,,,,,,,,,,,,,,,,,,,,,,,,,,,,,,,,,,,1,1,3,6,6,6,12,12,12,13,13,13,14,14,19,19,20,20
Thailand,Asia,South-eastern Asia,69037513,2,2,4,4,4,5,5,14,14,14,14,19,19,19,19,25,25,25,32,32,32,33,33,33,33,34,34,35,35,35,35,35,35,35,35,37,40,40,40,42,42,42,43,43,47,47,48,50,50,53,59,70,75,75,75,114,147,177,212,322,322,411,721,827,934,934,1136,1136,1388,1524,1524,1771,1771,1875
Togo,Africa,Western Africa,8082366,,,,,,,,,,,,,,,,,,,,,,,,,,,,,,,,,,,,,,,,,,,,,,,1,1,1,1,1,1,1,1,1,1,1,1,1,9,9,15,16,18,20,23,24,25,29,28,34,34,36,39
Tokelau,Oceania,Polynesia,1340,,,,,,,,,,,,,,,,,,,,,,,,,,,,,,,,,,,,,,,,,,,,,,,,,,,,,,,,,,,,,,,,,,,,,,,,,,
Tonga,Oceania,Polynesia,110940,,,,,,,,,,,,,,,,,,,,,,,,,,,,,,,,,,,,,,,,,,,,,,,,,,,,,,,,,,,,,,,,,,,,,,,,,,
Trinidad and Tobago,Americas,Caribbean,1394973,,,,,,,,,,,,,,,,,,,,,,,,,,,,,,,,,,,,,,,,,,,,,,,,,,,,,,1,1,2,5,5,7,9,9,9,50,51,57,60,61,66,74,76,82,85,89,90
Tunisia,Africa,Northern Africa,11694719,,,,,,,,,,,,,,,,,,,,,,,,,,,,,,,,,,,,,,,,,,,1,1,1,1,1,1,2,2,6,6,7,16,16,18,20,24,29,39,54,60,75,89,114,173,197,227,278,312,362,394,423,455
Turkey,Asia,Western Asia,83429615,,,,,,,,,,,,,,,,,,,,,,,,,,,,,,,,,,,,,,,,,,,,,,,,,,,,1,1,5,5,5,47,47,191,191,670,947,1236,1529,1872,2433,3629,5698,7402,9271,10827,13531,15679,18135
Turkmenistan,Asia,Central Asia,5942089,,,,,,,,,,,,,,,,,,,,,,,,,,,,,,,,,,,,,,,,,,,,,,,,,,,,,,,,,,,,,,,,,,,,,,,,,,
Turks and Caicos Islands,Americas,Caribbean,38191,,,,,,,,,,,,,,,,,,,,,,,,,,,,,,,,,,,,,,,,,,,,,,,,,,,,,,,,,,,,,,,,1,1,1,2,2,2,4,5,5,5,5
Tuvalu,Oceania,Polynesia,11646,,,,,,,,,,,,,,,,,,,,,,,,,,,,,,,,,,,,,,,,,,,,,,,,,,,,,,,,,,,,,,,,,,,,,,,,,,
Uganda,Africa,Eastern Africa,44269594,,,,,,,,,,,,,,,,,,,,,,,,,,,,,,,,,,,,,,,,,,,,,,,,,,,,,,,,,,,,,,1,1,9,9,14,14,14,14,33,33,33,44,44
Ukraine,Europe,Eastern Europe,43993638,,,,,,,,,,,,,,,,,,,,,,,,,,,,,,,,,,,,,,,,,,,,1,1,1,1,1,1,1,1,1,3,3,3,3,7,14,16,16,26,47,47,84,113,156,218,311,418,480,549,669,804,987
United Arab Emirates,Asia,Western Asia,9770529,,,,,,,,,4,4,4,4,5,5,5,5,5,5,7,7,7,8,8,8,8,8,8,9,9,9,9,9,11,13,13,13,13,13,19,19,19,21,21,27,27,27,45,45,45,59,74,74,85,85,85,98,98,98,113,140,140,153,153,198,248,333,333,405,468,570,611,664,814,1024
United Kingdom,Europe,Northern Europe,67530172,,,,,,,,,,,,2,2,2,2,2,2,3,3,3,4,8,8,9,9,9,9,9,9,9,9,9,9,9,9,13,13,13,16,20,23,36,39,51,89,118,167,210,277,323,373,460,594,802,1144,1395,1547,1954,2630,3277,3983,5018,5687,6654,8081,9533,11662,14547,17093,19526,22145,25154,29478,33722
United States,Americas,Northern America,329064917,,,1,1,2,2,5,5,5,5,6,7,8,11,11,11,12,12,12,12,12,13,13,14,15,15,15,15,15,15,15,15,35,35,35,53,53,59,59,62,62,62,64,108,129,148,213,213,213,472,696,987,1264,1678,1678,1678,3503,3536,7087,10442,15219,15219,31573,42164,51914,63570,68334,85228,103321,122653,140640,163199,187302,213600
United States Virgin Islands,Americas,Caribbean,104578,,,,,,,,,,,,,,,,,,,,,,,,,,,,,,,,,,,,,,,,,,,,,,,,,,,,,,,,,2,2,2,3,3,6,6,17,17,17,17,17,17,22,30,30,30,33
Uruguay,Americas,South America,3461734,,,,,,,,,,,,,,,,,,,,,,,,,,,,,,,,,,,,,,,,,,,,,,,,,,,,,,,,4,6,6,29,79,94,94,135,162,162,217,217,238,274,303,309,320,338,350
Uzbekistan,Asia,Central Asia,32981716,,,,,,,,,,,,,,,,,,,,,,,,,,,,,,,,,,,,,,,,,,,,,,,,,,,,,,,,4,4,16,16,21,33,33,46,46,50,65,83,104,133,145,149,173,190,221
Vanuatu,Oceania,Melanesia,299882,,,,,,,,,,,,,,,,,,,,,,,,,,,,,,,,,,,,,,,,,,,,,,,,,,,,,,,,,,,,,,,,,,,,,,,,,,
Vatican City,Europe,Southern Europe,799,,,,,,,,,,,,,,,,,,,,,,,,,,,,,,,,,,,,,,,,,,,,,,,1,1,1,1,1,1,1,1,1,1,1,1,1,1,1,1,1,1,1,4,4,4,4,6,6,6,6,7
Venezuela,Americas,South America,28515829,,,,,,,,,,,,,,,,,,,,,,,,,,,,,,,,,,,,,,,,,,,,,,,,,,,,,,2,2,2,33,33,36,36,36,36,70,70,77,91,91,106,113,113,129,129,143,144
Vietnam,Asia,South-eastern Asia,96462106,,,,2,2,2,2,2,2,2,5,6,7,8,9,10,10,12,13,14,14,15,15,16,16,16,16,16,16,16,16,16,16,16,16,16,16,16,16,16,16,16,16,16,16,16,17,21,30,31,35,39,39,48,53,57,61,61,66,85,91,94,113,123,134,141,153,169,179,188,203,207,218,233
Wallis and Futuna,Oceania,Polynesia,11432,,,,,,,,,,,,,,,,,,,,,,,,,,,,,,,,,,,,,,,,,,,,,,,,,,,,,,,,,,,,,,,,,,,,,,,,,,
Western Sahara,Africa,Northern Africa,582463,,,,,,,,,,,,,,,,,,,,,,,,,,,,,,,,,,,,,,,,,,,,,,,,,,,,,,,,,,,,,,,,,,,,,,,,,,
Yemen,Asia,Western Asia,29161922,,,,,,,,,,,,,,,,,,,,,,,,,,,,,,,,,,,,,,,,,,,,,,,,,,,,,,,,,,,,,,,,,,,,,,,,,,
Zambia,Africa,Eastern Africa,17861030,,,,,,,,,,,,,,,,,,,,,,,,,,,,,,,,,,,,,,,,,,,,,,,,,,,,,,,,,,,2,2,2,2,3,3,3,3,3,13,16,16,35,35,36,39
Zimbabwe,Africa,Eastern Africa,14645468,,,,,,,,,,,,,,,,,,,,,,,,,,,,,,,,,,,,,,,,,,,,,,,,,,,,,,,,,,,,,1,2,2,2,2,2,3,5,5,5,5,8,8,8
Diamond Princess,International,International,3711,,,,,,,,,,,,,,,,,,,,,,,,,,,,454,454,542,621,634,634,634,695,691,691,705,705,705,705,706,706,706,706,696,696,696,696,696,696,696,696,697,697,712,712,712,712,712,712,712,712,712,712,712,712,712,712,712,712,712,712,712
